,Sa,Sq,Ssk,Sku,Ssm,Sdq,pente_x,pente_y,Rk,Mr1,Mr2,Rpk,Rvk,Pk_to_Vk
img_par_9/230705_carto_28_KFR_OC4_nue,4.199322895487188,5.2546727937623965,0.11456528239906641,2.995991526531146,242.66140902124346,0.11607166924674783,0.15277600397715776,0.06003958222538826,13.887469880437166,0.10062671690818448,0.9184801698618722,13.606230604768434,15.879178827516867,8.921566075746606
img_par_9/230705_carto_28_KFR_OC4_PFA,6.019123709277782,7.691202542979936,0.028290489469436495,3.810150924130829,268.37229468176815,0.16797448016101243,0.21227223718601446,0.10663652887622112,19.55478941706704,0.07732152661560115,0.8888314750780979,24.7373389184419,31.05970776894386,9.35305729757465
img_par_9/230705_carto_126_KFR_OC4_nue,3.627525612849897,4.62578883761131,-0.2866315650701954,3.5512898264582953,207.76660335546944,0.10945664319849151,0.145624107899928,0.052489357768159835,11.557993580947368,0.09157667598130109,0.8905869762892301,16.89633470316287,20.100057167359772,7.6354671435623676
img_par_9/230705_carto_126_KFR_OC4_PFA,4.658112090747746,5.984910702532515,-0.26119174776065446,3.800933130224838,195.21624848094405,0.1844694909564841,0.2355663318213836,0.11210032619364205,14.670766761248924,0.10348083923748386,0.8987743624051213,31.365058197191377,17.076499911286806,8.580271724946758
img_par_9/PMMA_OC4,3.0875610826693505,3.9092445912227975,0.8472340813825016,3.5875393887343523,339.7320134209846,0.06920451074384788,0.09534264962945817,0.022097546085344158,10.264369239919459,0.10993046961820421,0.948415429705357,3.976815689793291,18.235043642884843,8.858132301804883
