Structure,Proportion de fluor sur la semelle
28-lisse-PFA-2,0.01105121389779034
126-lin-PFA-1,0.21836856747160577
126-lin-PFA-2,0.22515158898734342
126-lin-PFA-3,0.06930507386408848
28-lin-PFA-1,0.014202525009162466
28-lin-PFA-2,0.009700590883261643
28-lisse-PFA-1,0.014775080327051954
126-lisse-PFA-1,0.032869023313236614
126-lisse-PFA-2,0.01486647477482708
